config,cities,run,best_distance,time_sec
Final Combination ,10,0,2403.8744339856135,3.5611612796783447
Final Combination ,10,1,2403.8744339856135,3.5141689777374268
Final Combination ,10,2,2403.8744339856135,3.628504753112793
Final Combination ,10,3,2403.8744339856135,3.762174129486084
Final Combination ,10,4,2403.8744339856135,3.643235206604004
Final Combination ,10,5,2403.8744339856135,3.9869790077209473
Final Combination ,10,6,2403.8744339856135,3.5509331226348877
Final Combination ,10,7,2403.8744339856135,3.560051918029785
Final Combination ,10,8,2403.8744339856135,3.673491954803467
Final Combination ,10,9,2403.8744339856135,3.4261021614074707
Final Combination ,20,0,3319.1105326946245,6.565294027328491
Final Combination ,20,1,3319.1105326946245,6.641180038452148
Final Combination ,20,2,3395.5210167334762,6.523064851760864
Final Combination ,20,3,3395.521016733476,6.385650157928467
Final Combination ,20,4,3395.5210167334762,6.530488014221191
Final Combination ,20,5,3395.521016733476,6.47962498664856
Final Combination ,20,6,3319.1105326946245,6.516819953918457
Final Combination ,20,7,3319.110532694625,6.443016052246094
Final Combination ,20,8,3319.110532694625,6.434077024459839
Final Combination ,20,9,3319.110532694625,6.444161891937256
Final Combination ,30,0,5049.941493866576,9.349525928497314
Final Combination ,30,1,5096.122283006507,9.470882654190063
Final Combination ,30,2,4950.878475964901,9.287141799926758
Final Combination ,30,3,4956.629370872089,9.272346019744873
Final Combination ,30,4,5294.452782676173,9.325497150421143
Final Combination ,30,5,5395.170552816837,9.725191831588745
Final Combination ,30,6,4950.878475964899,9.366814851760864
Final Combination ,30,7,5210.805849812865,9.475836992263794
Final Combination ,30,8,5036.43038425425,9.27833104133606
Final Combination ,30,9,5188.89972251864,9.307250261306763
Final Combination ,40,0,5995.372056193237,12.585747003555298
Final Combination ,40,1,6108.15099335035,12.59276533126831
Final Combination ,40,2,5604.575069623125,12.568488121032715
Final Combination ,40,3,5521.3747573373485,12.486433982849121
Final Combination ,40,4,5388.003699982424,12.596707820892334
Final Combination ,40,5,5546.246370226861,12.655887842178345
Final Combination ,40,6,5486.413834863384,13.587363958358765
Final Combination ,40,7,5800.1129542721665,12.768042087554932
Final Combination ,40,8,6262.937616376715,12.535964727401733
Final Combination ,40,9,5727.497653553336,12.750725030899048
Final Combination ,50,0,6331.471792552484,15.48096489906311
Final Combination ,50,1,6943.315340114411,15.645750045776367
Final Combination ,50,2,6774.541207877762,15.457787036895752
Final Combination ,50,3,6228.55913047586,15.651875972747803
Final Combination ,50,4,6470.694832952804,15.537670850753784
Final Combination ,50,5,6823.773683077007,15.599694013595581
Final Combination ,50,6,6122.822043953649,15.541509866714478
Final Combination ,50,7,6125.698816591966,15.382426738739014
Final Combination ,50,8,6808.622612907607,15.521379947662354
Final Combination ,50,9,6169.076274843639,15.451700925827026
